cluster_idx	average mz	average RT	average charge	num spectra
4	222.214	-1	8.24995e+08	2
6	226.94	-1	8.24995e+08	2
9	235.916	-1	8.24995e+08	2
23	272.985	-1	8.24995e+08	2
25	276.444	-1	8.24995e+08	2
31	283.112	-1	8.24995e+08	2
33	287.157	-1	8.24995e+08	2
34	290.644	-1	8.24995e+08	2
35	293.158	-1	8.24995e+08	2
37	295.116	-1	3.29998e+08	5
38	300.672	-1	2.35713e+08	7
39	301.223	-1	5.49997e+08	3
40	303.456	-1	5.49997e+08	3
41	304.159	-1	8.24995e+08	2
42	308.13	-1	8.24995e+08	2
43	309.188	-1	8.24995e+08	2
47	312.675	-1	5.49997e+08	3
51	315.539	-1	5.49997e+08	3
52	316.95	-1	8.24995e+08	2
55	318.436	-1	8.24995e+08	2
57	320.171	-1	4.12498e+08	4
60	322.642	-1	8.24995e+08	2
61	325.133	-1	3.29998e+08	5
63	327.413	-1	4.12498e+08	4
66	329.286	-1	8.24995e+08	2
67	330.784	-1	8.24995e+08	2
68	333.413	-1	4.12498e+08	4
69	335.917	-1	8.24995e+08	2
71	337.381	-1	4.12498e+08	4
72	339.193	-1	5.49997e+08	3
73	342.136	-1	8.24995e+08	2
74	343.224	-1	8.24995e+08	2
76	344.708	-1	8.24995e+08	2
77	347.165	-1	4.12498e+08	4
78	348.883	-1	3.29998e+08	5
79	350.935	-1	8.24995e+08	2
81	352.877	-1	8.24995e+08	2
83	356.822	-1	5.49997e+08	3
85	358.361	-1	2.74998e+08	6
87	359.912	-1	8.24995e+08	2
88	362.727	-1	5.49997e+08	3
90	364.168	-1	4.12498e+08	4
91	365.27	-1	8.24995e+08	2
93	366.471	-1	5.49997e+08	3
95	368.482	-1	3.29998e+08	5
97	370.715	-1	4.12498e+08	4
98	371.295	-1	8.24995e+08	2
101	373.74	-1	8.24995e+08	2
102	375.716	-1	5.49997e+08	3
103	376.531	-1	8.24995e+08	2
107	379.105	-1	4.12498e+08	4
110	380.683	-1	8.24995e+08	2
111	382.798	-1	5.49997e+08	3
112	383.867	-1	4.12498e+08	4
114	384.265	-1	8.24995e+08	2
117	386.064	-1	2.74998e+08	6
120	387.298	-1	8.24995e+08	2
122	388.285	-1	5.49997e+08	3
128	391.603	-1	2.35713e+08	7
133	393.201	-1	8.24995e+08	2
134	394.538	-1	3.29998e+08	5
136	396.171	-1	5.49997e+08	3
137	397.362	-1	2.74998e+08	6
138	398.727	-1	2.35713e+08	7
140	400.695	-1	2.35713e+08	7
141	401.998	-1	4.12498e+08	4
143	404.592	-1	2.35713e+08	7
145	406.215	-1	5.49997e+08	3
148	408.128	-1	4.12498e+08	4
155	412.273	-1	4.12498e+08	4
156	413.508	-1	3.29998e+08	5
158	415.829	-1	4.12498e+08	4
163	418.22	-1	4.12498e+08	4
164	419.465	-1	8.24995e+08	2
166	420.749	-1	8.24995e+08	2
168	422.505	-1	2.74998e+08	6
169	423.749	-1	2.74998e+08	6
172	425.35	-1	4.12498e+08	4
175	426.672	-1	3.29998e+08	5
179	427.804	-1	3.29998e+08	5
181	428.838	-1	2.74998e+08	6
184	429.574	-1	8.24995e+08	2
186	431.122	-1	4.12498e+08	4
188	432.355	-1	5.49997e+08	3
191	434.241	-1	2.74998e+08	6
192	435.489	-1	4.12498e+08	4
195	437.999	-1	2.06249e+08	8
198	439.219	-1	4.12498e+08	4
200	440.27	-1	2.74998e+08	6
205	441.396	-1	3.29998e+08	5
207	442.246	-1	4.12498e+08	4
212	443.722	-1	3.29998e+08	5
213	444.857	-1	5.49997e+08	3
215	445.312	-1	8.24995e+08	2
217	446.675	-1	2.74998e+08	6
219	448.64	-1	1.83332e+08	9
225	449.977	-1	3.29998e+08	5
230	451.696	-1	3.29998e+08	5
231	453.161	-1	2.06249e+08	8
233	454.226	-1	5.49997e+08	3
235	455.429	-1	3.29998e+08	5
239	456.998	-1	2.06249e+08	8
242	458.21	-1	8.24995e+08	2
243	458.561	-1	5.49997e+08	3
247	459.228	-1	5.49997e+08	3
250	460.519	-1	2.35713e+08	7
252	461.511	-1	8.24995e+08	2
254	462.259	-1	8.24995e+08	2
255	463.867	-1	1.26922e+08	13
264	465.174	-1	1.37499e+08	12
268	466.337	-1	2.35713e+08	7
271	467.214	-1	5.49997e+08	3
274	468.36	-1	2.35713e+08	7
276	469.743	-1	1.83332e+08	9
282	471.37	-1	1.64999e+08	10
285	472.35	-1	1.26922e+08	13
289	473.844	-1	2.35713e+08	7
291	474.638	-1	8.24995e+08	2
294	475.225	-1	8.24995e+08	2
300	477.164	-1	2.74998e+08	6
305	478.36	-1	2.06249e+08	8
307	479.752	-1	2.74998e+08	6
310	480.813	-1	4.12498e+08	4
312	482.508	-1	1.49999e+08	11
319	484.426	-1	2.74998e+08	6
322	486.033	-1	1.49999e+08	11
325	486.359	-1	8.24995e+08	2
327	487.175	-1	4.12498e+08	4
332	488.655	-1	2.74998e+08	6
333	490.08	-1	4.12498e+08	4
336	491.182	-1	1.64999e+08	10
341	492.826	-1	2.06249e+08	8
343	494.266	-1	1.26922e+08	13
345	495.192	-1	2.06249e+08	8
348	497.024	-1	1.83332e+08	9
351	498.592	-1	1.09999e+08	15
357	500.628	-1	1.64999e+08	10
363	501.902	-1	8.24995e+08	2
365	503.228	-1	2.35713e+08	7
367	504.346	-1	2.35713e+08	7
370	505.741	-1	3.29998e+08	5
373	507.019	-1	2.35713e+08	7
378	507.27	-1	8.24995e+08	2
379	508.043	-1	2.06249e+08	8
381	508.947	-1	2.06249e+08	8
385	510.629	-1	1.49999e+08	11
390	512.181	-1	2.35713e+08	7
395	513.029	-1	2.74998e+08	6
399	513.527	-1	1.83332e+08	9
402	515.18	-1	2.74998e+08	6
404	516.352	-1	4.12498e+08	4
409	517.285	-1	3.29998e+08	5
412	518.951	-1	2.35713e+08	7
419	519.718	-1	2.74998e+08	6
420	520.519	-1	3.29998e+08	5
423	521.683	-1	2.35713e+08	7
424	523.377	-1	1.37499e+08	12
425	524.002	-1	3.29998e+08	5
429	525.635	-1	2.35713e+08	7
435	526.783	-1	2.06249e+08	8
437	527.322	-1	8.24995e+08	2
438	529.096	-1	2.06249e+08	8
440	529.269	-1	2.06249e+08	8
441	530.249	-1	2.74998e+08	6
442	530.928	-1	5.49997e+08	3
444	531.173	-1	5.49997e+08	3
445	532.747	-1	1.83332e+08	9
453	534.391	-1	1.37499e+08	12
455	535.222	-1	2.74998e+08	6
460	537.62	-1	2.74998e+08	6
462	537.333	-1	4.12498e+08	4
467	539.963	-1	1.49999e+08	11
471	540.34	-1	8.24995e+08	2
472	541.341	-1	2.74998e+08	6
477	542.596	-1	2.74998e+08	6
478	542.417	-1	8.24995e+08	2
482	544.489	-1	3.29998e+08	5
484	544.34	-1	8.24995e+08	2
485	544.802	-1	8.24995e+08	2
488	546.978	-1	1.49999e+08	11
493	548.449	-1	1.64999e+08	10
498	549.764	-1	4.12498e+08	4
500	551.233	-1	3.29998e+08	5
502	552.212	-1	3.29998e+08	5
504	553.621	-1	2.35713e+08	7
509	554.4	-1	1.37499e+08	12
512	556.044	-1	3.29998e+08	5
513	556.958	-1	2.74998e+08	6
514	556.811	-1	8.24995e+08	2
516	557.361	-1	4.12498e+08	4
518	558.77	-1	2.35713e+08	7
521	560.508	-1	1.17856e+08	14
524	561.741	-1	1.37499e+08	12
526	563.082	-1	1.49999e+08	11
528	564.216	-1	1.64999e+08	10
529	564.681	-1	3.29998e+08	5
531	566.61	-1	1.49999e+08	11
538	568.256	-1	2.06249e+08	8
539	569.849	-1	2.06249e+08	8
544	571.379	-1	2.74998e+08	6
546	572.967	-1	1.49999e+08	11
553	574.908	-1	2.35713e+08	7
554	575.323	-1	5.49997e+08	3
558	576.775	-1	8.24995e+08	2
560	578.439	-1	8.24995e+08	2
563	580.175	-1	3.29998e+08	5
564	582.426	-1	2.35713e+08	7
568	583.074	-1	1.37499e+08	12
571	583.342	-1	8.24995e+08	2
572	583.991	-1	2.74998e+08	6
575	585.489	-1	2.06249e+08	8
576	586.951	-1	2.06249e+08	8
581	588.078	-1	2.74998e+08	6
584	588.377	-1	8.24995e+08	2
585	589.145	-1	4.12498e+08	4
586	590.061	-1	2.74998e+08	6
588	590.437	-1	5.49997e+08	3
589	590.35	-1	8.24995e+08	2
591	591.874	-1	1.64999e+08	10
593	593.226	-1	1.37499e+08	12
596	594.669	-1	1.64999e+08	10
598	595.633	-1	2.74998e+08	6
601	597.216	-1	1.49999e+08	11
602	598.061	-1	2.06249e+08	8
605	598.22	-1	8.24995e+08	2
607	599.072	-1	2.35713e+08	7
608	600.216	-1	1.83332e+08	9
610	601.612	-1	8.24995e+08	2
611	601.358	-1	8.24995e+08	2
613	601.693	-1	4.12498e+08	4
616	603.26	-1	1.26922e+08	13
622	604.381	-1	2.35713e+08	7
623	605.246	-1	3.29998e+08	5
624	605.225	-1	8.24995e+08	2
625	605.24	-1	8.24995e+08	2
628	606.656	-1	2.74998e+08	6
629	607.817	-1	1.83332e+08	9
636	610.233	-1	1.03124e+08	16
638	611.333	-1	3.29998e+08	5
640	613.271	-1	2.06249e+08	8
645	614.408	-1	5.49997e+08	3
647	616.016	-1	3.29998e+08	5
653	617.398	-1	4.12498e+08	4
656	619.264	-1	2.35713e+08	7
658	620.211	-1	8.24995e+08	2
659	620.402	-1	2.06249e+08	8
662	621.387	-1	2.74998e+08	6
665	622.802	-1	8.24995e+08	2
671	624.146	-1	1.64999e+08	10
674	625.185	-1	2.74998e+08	6
677	625.67	-1	1.64999e+08	10
679	627.334	-1	2.74998e+08	6
682	629.509	-1	2.35713e+08	7
684	628.314	-1	8.24995e+08	2
689	629.819	-1	1.49999e+08	11
691	629.39	-1	8.24995e+08	2
692	631.401	-1	1.83332e+08	9
697	632.371	-1	1.64999e+08	10
704	634.581	-1	2.06249e+08	8
708	635.373	-1	1.49999e+08	11
713	636.466	-1	1.49999e+08	11
717	637.35	-1	1.49999e+08	11
719	638.912	-1	1.37499e+08	12
722	639.872	-1	1.64999e+08	10
727	641.916	-1	1.83332e+08	9
729	642.355	-1	8.24995e+08	2
731	643.181	-1	2.35713e+08	7
733	643.406	-1	8.24995e+08	2
734	644.205	-1	2.74998e+08	6
738	645.339	-1	1.09999e+08	15
742	647.298	-1	1.83332e+08	9
745	647.345	-1	8.24995e+08	2
747	649.09	-1	1.03124e+08	16
748	650.101	-1	2.74998e+08	6
750	651.183	-1	1.37499e+08	12
753	652.5	-1	5.49997e+08	3
755	653.793	-1	8.24995e+08	2
758	655.153	-1	3.29998e+08	5
760	655.412	-1	8.24995e+08	2
763	656.44	-1	2.35713e+08	7
765	658.053	-1	9.70583e+07	17
770	658.781	-1	2.74998e+08	6
775	660.249	-1	2.35713e+08	7
777	661.138	-1	4.12498e+08	4
780	661.394	-1	8.24995e+08	2
785	663.263	-1	2.35713e+08	7
789	664.366	-1	1.83332e+08	9
791	664.401	-1	8.24995e+08	2
792	665.121	-1	4.12498e+08	4
795	667.476	-1	2.35713e+08	7
798	668.919	-1	2.06249e+08	8
799	669.398	-1	8.24995e+08	2
800	671.043	-1	2.74998e+08	6
802	672.134	-1	2.74998e+08	6
804	673.62	-1	4.12498e+08	4
805	674.377	-1	8.24995e+08	2
806	675.233	-1	5.49997e+08	3
810	676.313	-1	1.64999e+08	10
812	677.456	-1	2.06249e+08	8
816	679.342	-1	1.37499e+08	12
817	680.424	-1	2.74998e+08	6
819	681.16	-1	4.12498e+08	4
820	682.931	-1	1.64999e+08	10
823	685.15	-1	2.35713e+08	7
824	686.529	-1	1.03124e+08	16
826	687.92	-1	3.29998e+08	5
828	689.504	-1	7.49996e+07	22
830	691.167	-1	2.06249e+08	8
833	691.429	-1	4.12498e+08	4
836	693.034	-1	2.74998e+08	6
838	695.614	-1	1.09999e+08	15
840	697.391	-1	8.24995e+08	2
841	697.495	-1	4.12498e+08	4
846	699.338	-1	3.29998e+08	5
848	700.223	-1	2.74998e+08	6
851	700.473	-1	8.24995e+08	2
855	701.67	-1	2.74998e+08	6
860	703.02	-1	1.64999e+08	10
861	702.87	-1	8.24995e+08	2
862	702.88	-1	4.12498e+08	4
866	704.69	-1	2.06249e+08	8
867	705.692	-1	5.49997e+08	3
869	706.42	-1	8.24995e+08	2
872	708.68	-1	1.83332e+08	9
874	709.626	-1	3.29998e+08	5
876	710.601	-1	1.49999e+08	11
880	712.2	-1	2.35713e+08	7
883	713.553	-1	2.74998e+08	6
886	714.854	-1	1.83332e+08	9
888	715.074	-1	8.24995e+08	2
889	716.037	-1	2.06249e+08	8
892	716.429	-1	5.49997e+08	3
895	717.657	-1	2.74998e+08	6
898	719.295	-1	3.29998e+08	5
900	721.744	-1	2.35713e+08	7
904	723.689	-1	4.12498e+08	4
906	724.555	-1	2.35713e+08	7
907	725.628	-1	2.35713e+08	7
911	726.826	-1	1.83332e+08	9
915	728.818	-1	2.06249e+08	8
918	729.408	-1	8.24995e+08	2
919	729.932	-1	2.74998e+08	6
924	730.89	-1	2.06249e+08	8
927	732.205	-1	1.49999e+08	11
929	733.661	-1	3.29998e+08	5
932	735.642	-1	2.35713e+08	7
935	736.708	-1	1.83332e+08	9
942	737.887	-1	3.29998e+08	5
945	739.113	-1	2.06249e+08	8
950	740.468	-1	1.03124e+08	16
957	741.657	-1	3.29998e+08	5
958	743.014	-1	2.06249e+08	8
961	744.309	-1	2.35713e+08	7
971	745.669	-1	4.12498e+08	4
973	747.028	-1	1.17856e+08	14
976	748.152	-1	1.37499e+08	12
979	749.62	-1	2.35713e+08	7
982	750.604	-1	1.64999e+08	10
983	750.411	-1	5.49997e+08	3
984	750.412	-1	8.24995e+08	2
985	750.411	-1	5.49997e+08	3
987	751.945	-1	1.26922e+08	13
988	751.451	-1	8.24995e+08	2
992	753.631	-1	1.49999e+08	11
997	755.083	-1	1.09999e+08	15
1000	754.448	-1	8.24995e+08	2
1001	754.465	-1	8.24995e+08	2
1003	755.556	-1	3.29998e+08	5
1004	757.35	-1	1.37499e+08	12
1008	758.475	-1	5.49997e+08	3
1012	759.948	-1	1.64999e+08	10
1013	761.07	-1	1.26922e+08	13
1018	762.862	-1	1.64999e+08	10
1019	763.95	-1	1.49999e+08	11
1021	764.471	-1	8.24995e+08	2
1022	765.294	-1	1.83332e+08	9
1026	766.409	-1	4.12498e+08	4
1028	767.511	-1	1.64999e+08	10
1031	768.443	-1	8.24995e+08	2
1032	768.483	-1	8.24995e+08	2
1033	768.951	-1	1.26922e+08	13
1035	770.216	-1	5.49997e+08	3
1036	770.914	-1	1.64999e+08	10
1037	770.796	-1	8.24995e+08	2
1044	772.429	-1	1.49999e+08	11
1045	771.601	-1	8.24995e+08	2
1048	773.853	-1	8.24995e+08	2
1051	773.615	-1	1.83332e+08	9
1054	775.575	-1	3.29998e+08	5
1056	776.622	-1	2.74998e+08	6
1058	777.408	-1	1.83332e+08	9
1059	778.799	-1	1.37499e+08	12
1064	780.077	-1	2.35713e+08	7
1067	781.852	-1	2.35713e+08	7
1068	782.692	-1	1.83332e+08	9
1074	783.647	-1	2.74998e+08	6
1076	783.536	-1	8.24995e+08	2
1079	785.14	-1	1.37499e+08	12
1080	785.81	-1	8.24995e+08	2
1082	786.379	-1	2.06249e+08	8
1088	787.271	-1	2.35713e+08	7
1093	788.34	-1	8.24995e+08	2
1095	789.448	-1	4.12498e+08	4
1099	790.945	-1	9.70583e+07	17
1101	792.137	-1	2.35713e+08	7
1102	792.505	-1	8.24995e+08	2
1104	793.818	-1	1.83332e+08	9
1105	794.907	-1	2.06249e+08	8
1107	796.134	-1	2.06249e+08	8
1111	797.229	-1	1.64999e+08	10
1115	798.224	-1	3.29998e+08	5
1116	799.087	-1	1.83332e+08	9
1121	801.432	-1	4.12498e+08	4
1125	802.16	-1	2.74998e+08	6
1130	803.374	-1	4.12498e+08	4
1136	804.669	-1	1.83332e+08	9
1138	805.268	-1	5.49997e+08	3
1139	806.466	-1	1.83332e+08	9
1142	807.592	-1	2.06249e+08	8
1144	809.184	-1	4.12498e+08	4
1145	810.292	-1	5.49997e+08	3
1150	811.407	-1	4.12498e+08	4
1151	812.122	-1	8.24995e+08	2
1152	812.863	-1	1.83332e+08	9
1154	813.976	-1	2.74998e+08	6
1157	815.362	-1	2.06249e+08	8
1160	815.482	-1	8.24995e+08	2
1164	817.058	-1	2.74998e+08	6
1168	819.179	-1	2.06249e+08	8
1170	819.4	-1	8.24995e+08	2
1173	819.752	-1	4.12498e+08	4
1174	821.42	-1	2.06249e+08	8
1179	821.946	-1	4.12498e+08	4
1180	824.206	-1	2.35713e+08	7
1183	824.343	-1	8.24995e+08	2
1185	825.755	-1	1.64999e+08	10
1186	824.511	-1	8.24995e+08	2
1194	827.521	-1	2.35713e+08	7
1196	827.716	-1	4.12498e+08	4
1198	828.874	-1	2.06249e+08	8
1202	830.18	-1	1.64999e+08	10
1208	831.344	-1	2.35713e+08	7
1212	832.332	-1	8.24995e+08	2
1213	833.375	-1	5.49997e+08	3
1215	833.721	-1	3.29998e+08	5
1218	835.4	-1	5.49997e+08	3
1219	836.693	-1	3.29998e+08	5
1220	838.664	-1	3.29998e+08	5
1221	838.836	-1	2.89472e+07	57
1222	838.438	-1	8.24995e+08	2
1224	838.838	-1	2.74998e+08	6
1225	839.094	-1	1.83332e+08	9
1226	838.839	-1	2.35713e+08	7
1228	838.839	-1	8.24995e+08	2
1232	840.564	-1	4.12498e+08	4
1234	842.339	-1	1.26922e+08	13
1236	843.793	-1	1.83332e+08	9
1240	845.132	-1	2.35713e+08	7
1242	845.97	-1	1.09999e+08	15
1246	847.633	-1	1.83332e+08	9
1250	848.565	-1	2.06249e+08	8
1254	852.375	-1	3.29998e+08	5
1256	853.648	-1	3.29998e+08	5
1259	854.735	-1	3.29998e+08	5
1261	855.609	-1	1.64999e+08	10
1263	857.262	-1	2.06249e+08	8
1264	858.708	-1	2.35713e+08	7
1265	860.122	-1	2.74998e+08	6
1267	860.432	-1	3.29998e+08	5
1268	861.431	-1	1.64999e+08	10
1274	863.256	-1	2.74998e+08	6
1277	865.366	-1	2.06249e+08	8
1280	867.634	-1	1.64999e+08	10
1281	869.339	-1	2.74998e+08	6
1282	869.486	-1	8.24995e+08	2
1283	870.863	-1	1.17856e+08	14
1289	872.92	-1	1.26922e+08	13
1295	874.598	-1	1.64999e+08	10
1299	875.559	-1	1.37499e+08	12
1303	876.677	-1	3.29998e+08	5
1304	877.583	-1	2.74998e+08	6
1305	879.121	-1	1.83332e+08	9
1309	881.184	-1	5.49997e+08	3
1310	882.754	-1	3.29998e+08	5
1311	883.445	-1	2.35713e+08	7
1313	884.948	-1	2.35713e+08	7
1315	886.814	-1	1.26922e+08	13
1319	889.142	-1	2.35713e+08	7
1322	889.566	-1	8.24995e+08	2
1323	891.532	-1	2.35713e+08	7
1325	893.254	-1	2.06249e+08	8
1327	893.936	-1	2.74998e+08	6
1329	895.801	-1	3.29998e+08	5
1331	897.331	-1	1.64999e+08	10
1335	898.68	-1	2.06249e+08	8
1339	899.982	-1	2.35713e+08	7
1341	901.632	-1	8.68416e+07	19
1343	903.717	-1	1.64999e+08	10
1347	903.738	-1	8.24995e+08	2
1348	905.264	-1	5.49997e+08	3
1351	906.9	-1	4.34208e+07	38
1353	906.831	-1	5.49997e+08	3
1355	906.851	-1	4.12498e+08	4
1356	906.834	-1	8.24995e+08	2
1360	909.006	-1	2.74998e+08	6
1363	911.48	-1	2.74998e+08	6
1365	912.73	-1	2.35713e+08	7
1368	914.576	-1	8.24995e+08	2
1369	915.812	-1	2.06249e+08	8
1371	917.271	-1	2.74998e+08	6
1373	918.256	-1	5.49997e+08	3
1374	919.368	-1	8.24995e+08	2
1376	920.844	-1	5.49997e+08	3
1377	923.256	-1	1.09999e+08	15
1379	923.013	-1	8.24995e+08	2
1382	926.2	-1	1.64999e+08	10
1384	928.109	-1	2.35713e+08	7
1386	929.185	-1	1.83332e+08	9
1387	930.486	-1	2.35713e+08	7
1389	930.919	-1	8.24995e+08	2
1390	931.603	-1	4.12498e+08	4
1393	933.366	-1	3.29998e+08	5
1394	934.433	-1	5.49997e+08	3
1396	937.756	-1	2.35713e+08	7
1397	939.114	-1	3.29998e+08	5
1398	939.681	-1	1.49999e+08	11
1401	941.009	-1	1.26922e+08	13
1407	941.849	-1	5.49997e+08	3
1409	943.747	-1	1.03124e+08	16
1412	945.233	-1	8.24995e+08	2
1413	946.998	-1	3.29998e+08	5
1417	949.784	-1	5.49997e+08	3
1418	951.884	-1	2.06249e+08	8
1420	953.235	-1	4.12498e+08	4
1421	954.596	-1	2.35713e+08	7
1422	955.141	-1	8.24995e+08	2
1427	957.501	-1	4.12498e+08	4
1428	959.255	-1	2.35713e+08	7
1431	959.971	-1	5.49997e+08	3
1433	961.674	-1	5.49997e+08	3
1435	963.337	-1	2.74998e+08	6
1436	964.254	-1	5.49997e+08	3
1437	965.321	-1	2.35713e+08	7
1438	967.113	-1	3.29998e+08	5
1439	969.85	-1	8.24995e+08	2
1440	969.68	-1	4.12498e+08	4
1441	971.03	-1	4.12498e+08	4
1442	971.559	-1	3.29998e+08	5
1444	974.794	-1	3.51062e+07	47
1445	974.822	-1	3.29998e+08	5
1446	974.806	-1	2.74998e+08	6
1447	974.82	-1	5.49997e+08	3
1449	975.317	-1	5.49997e+08	3
1450	978.075	-1	4.12498e+08	4
1451	979.605	-1	2.74998e+08	6
1452	981.095	-1	8.24995e+08	2
1453	983.55	-1	1.83332e+08	9
1457	985.25	-1	2.74998e+08	6
1458	985.476	-1	8.24995e+08	2
1460	988.035	-1	4.12498e+08	4
1462	988.999	-1	4.12498e+08	4
1464	991.5	-1	2.74998e+08	6
1466	993.698	-1	2.35713e+08	7
1469	996.257	-1	3.29998e+08	5
1470	997.524	-1	5.49997e+08	3
1475	999.564	-1	8.24995e+08	2
1476	1001.09	-1	4.12498e+08	4
1477	1002.51	-1	5.49997e+08	3
1480	1003.32	-1	3.29998e+08	5
1481	1007.14	-1	1.83332e+08	9
1483	1008.7	-1	1.64999e+08	10
1491	1011.4	-1	3.29998e+08	5
1493	1012.36	-1	3.29998e+08	5
1495	1014.33	-1	2.06249e+08	8
1497	1015.62	-1	5.49997e+08	3
1498	1016.95	-1	2.35713e+08	7
1500	1019.27	-1	3.29998e+08	5
1503	1021.61	-1	5.49997e+08	3
1505	1022.63	-1	3.29998e+08	5
1508	1025.77	-1	3.29998e+08	5
1511	1027.77	-1	3.29998e+08	5
1513	1029.56	-1	5.49997e+08	3
1516	1030.64	-1	8.24995e+08	2
1518	1030.81	-1	8.24995e+08	2
1519	1033.21	-1	2.74998e+08	6
1522	1035.74	-1	5.49997e+08	3
1527	1037.5	-1	5.49997e+08	3
1529	1039.63	-1	4.12498e+08	4
1531	1041.01	-1	4.12498e+08	4
1532	1042.76	-1	7.49996e+07	22
1536	1044.04	-1	3.29998e+08	5
1543	1046.57	-1	8.24995e+08	2
1544	1048.96	-1	2.74998e+08	6
1545	1050.89	-1	2.06249e+08	8
1546	1050.12	-1	8.24995e+08	2
1549	1052.11	-1	8.24995e+08	2
1553	1053.2	-1	8.24995e+08	2
1555	1054.65	-1	4.12498e+08	4
1559	1057.22	-1	2.74998e+08	6
1561	1058.21	-1	5.49997e+08	3
1563	1059.71	-1	5.49997e+08	3
1564	1061.51	-1	3.29998e+08	5
1565	1063.18	-1	3.29998e+08	5
1566	1065.05	-1	2.74998e+08	6
1570	1066.18	-1	4.12498e+08	4
1573	1068.52	-1	3.29998e+08	5
1575	1070.6	-1	2.35713e+08	7
1576	1070.6	-1	8.24995e+08	2
1577	1072.68	-1	5.49997e+08	3
1579	1074.24	-1	5.49997e+08	3
1580	1076.91	-1	2.06249e+08	8
1588	1078.53	-1	2.74998e+08	6
1591	1080.61	-1	2.06249e+08	8
1594	1081.58	-1	8.24995e+08	2
1595	1081.59	-1	8.24995e+08	2
1596	1082.58	-1	8.24995e+08	2
1602	1084.33	-1	3.29998e+08	5
1604	1086.6	-1	3.29998e+08	5
1608	1088.22	-1	8.24995e+08	2
1610	1089.83	-1	5.49997e+08	3
1611	1091.24	-1	2.35713e+08	7
1613	1092.37	-1	2.74998e+08	6
1614	1093.58	-1	8.24995e+08	2
1616	1095.09	-1	5.49997e+08	3
1617	1096.94	-1	4.12498e+08	4
1618	1097.74	-1	5.49997e+08	3
1623	1100.6	-1	3.29998e+08	5
1625	1101.05	-1	3.29998e+08	5
1628	1103.19	-1	4.12498e+08	4
1629	1104	-1	8.24995e+08	2
1633	1105.75	-1	3.29998e+08	5
1635	1106.83	-1	4.12498e+08	4
1637	1108.9	-1	3.29998e+08	5
1639	1110.78	-1	4.34208e+07	38
1640	1110.8	-1	8.24995e+08	2
1642	1111.34	-1	2.35713e+08	7
1643	1110.8	-1	5.49997e+08	3
1646	1113.28	-1	3.29998e+08	5
1647	1114.51	-1	3.29998e+08	5
1649	1115.78	-1	5.49997e+08	3
1652	1118.21	-1	3.29998e+08	5
1655	1119.57	-1	2.74998e+08	6
1659	1123.43	-1	5.49997e+08	3
1660	1125.62	-1	4.12498e+08	4
1662	1128.75	-1	2.35713e+08	7
1666	1129.52	-1	4.12498e+08	4
1669	1133.78	-1	8.24995e+08	2
1670	1133.62	-1	5.49997e+08	3
1672	1135.59	-1	8.24995e+08	2
1673	1137.45	-1	8.24995e+08	2
1674	1137.75	-1	5.49997e+08	3
1677	1142.68	-1	8.24995e+08	2
1678	1142.68	-1	8.24995e+08	2
1679	1142.7	-1	5.49997e+08	3
1680	1144.09	-1	8.24995e+08	2
1683	1145.46	-1	4.12498e+08	4
1685	1146.27	-1	8.24995e+08	2
1686	1147.63	-1	3.29998e+08	5
1688	1147.7	-1	8.24995e+08	2
1690	1150.75	-1	2.74998e+08	6
1694	1154.34	-1	5.49997e+08	3
1696	1156.92	-1	2.06249e+08	8
1697	1156.67	-1	8.24995e+08	2
1699	1157.65	-1	8.24995e+08	2
1702	1160.46	-1	2.74998e+08	6
1704	1161.65	-1	8.24995e+08	2
1707	1163.6	-1	5.49997e+08	3
1708	1165.45	-1	2.74998e+08	6
1710	1168.64	-1	5.49997e+08	3
1715	1172.07	-1	5.49997e+08	3
1717	1173.82	-1	8.24995e+08	2
1720	1176.29	-1	5.49997e+08	3
1721	1177.34	-1	8.24995e+08	2
1722	1178.8	-1	3.66665e+07	45
1723	1178.78	-1	5.49997e+08	3
1725	1178.78	-1	8.24995e+08	2
1727	1180.23	-1	5.49997e+08	3
1730	1183.54	-1	5.49997e+08	3
1732	1188.15	-1	8.24995e+08	2
1735	1194.01	-1	3.29998e+08	5
1739	1196.18	-1	8.24995e+08	2
1742	1200.39	-1	2.06249e+08	8
1744	1201.64	-1	2.74998e+08	6
1746	1206.42	-1	2.35713e+08	7
1756	1213.56	-1	8.24995e+08	2
1757	1215.43	-1	4.12498e+08	4
1759	1217.69	-1	8.24995e+08	2
1761	1222.55	-1	5.49997e+08	3
1762	1225.7	-1	4.12498e+08	4
1765	1227.32	-1	8.24995e+08	2
1766	1229.9	-1	8.24995e+08	2
1769	1231.74	-1	5.49997e+08	3
1771	1231.78	-1	2.74998e+08	6
1772	1233.6	-1	5.49997e+08	3
1773	1239.72	-1	8.24995e+08	2
1774	1241.73	-1	8.24995e+08	2
1777	1244.13	-1	5.49997e+08	3
1779	1246.79	-1	5.49997e+08	3
1780	1246.82	-1	3.51062e+07	47
1781	1246.77	-1	8.24995e+08	2
1782	1246.76	-1	5.49997e+08	3
1786	1248.32	-1	8.24995e+08	2
1787	1255.94	-1	5.49997e+08	3
1788	1259.37	-1	8.24995e+08	2
1789	1263.05	-1	5.49997e+08	3
1791	1263.73	-1	5.49997e+08	3
1793	1265.29	-1	8.24995e+08	2
1795	1267.79	-1	4.12498e+08	4
1796	1269.83	-1	5.49997e+08	3
1797	1272.11	-1	8.24995e+08	2
1799	1275.11	-1	4.12498e+08	4
1801	1277.03	-1	8.24995e+08	2
1802	1278.09	-1	4.12498e+08	4
1803	1277.61	-1	8.24995e+08	2
1806	1289.24	-1	5.49997e+08	3
1807	1289.65	-1	8.24995e+08	2
1809	1291.14	-1	8.24995e+08	2
1816	1303.37	-1	8.24995e+08	2
1818	1305.6	-1	2.74998e+08	6
1826	1319.88	-1	8.24995e+08	2
1834	1338.14	-1	8.24995e+08	2
1836	1343.87	-1	5.49997e+08	3
1838	1345.57	-1	8.24995e+08	2
1842	1349.64	-1	5.49997e+08	3
1845	1359.86	-1	8.24995e+08	2
1848	1364	-1	8.24995e+08	2
1852	1375.85	-1	8.24995e+08	2
1853	1382.29	-1	8.24995e+08	2
1855	1397.84	-1	8.24995e+08	2
1864	1463.81	-1	5.49997e+08	3
